participant_id,vsa
467,1255067.2905000001
328,1201396.3234999995
306,995790.74
371,1303716.605
363,1219180.988
358,1282177.2355
335,1556097.1199999999
492,959304.5340000001
326,1703986.7044999993
477,1077153.9065
